metadata/iso_language_code,metadata/result_type,created_at,id,id_str,text,source,truncated,in_reply_to_status_id,in_reply_to_status_id_str,in_reply_to_user_id,in_reply_to_user_id_str,in_reply_to_screen_name,user/id,user/id_str,user/name,user/screen_name,user/location,user/description,user/url,user/entities/url/urls/0/url,user/entities/url/urls/0/expanded_url,user/entities/url/urls/0/display_url,user/entities/url/urls/0/indices/0,user/entities/url/urls/0/indices/1,user/protected,user/followers_count,user/friends_count,user/listed_count,user/created_at,user/favourites_count,user/utc_offset,user/time_zone,user/geo_enabled,user/verified,user/statuses_count,user/lang,user/contributors_enabled,user/is_translator,user/is_translation_enabled,user/profile_background_color,user/profile_background_image_url,user/profile_background_image_url_https,user/profile_background_tile,user/profile_image_url,user/profile_image_url_https,user/profile_banner_url,user/profile_link_color,user/profile_sidebar_border_color,user/profile_sidebar_fill_color,user/profile_text_color,user/profile_use_background_image,user/default_profile,user/default_profile_image,user/following,user/follow_request_sent,user/notifications,geo,coordinates,place,contributors,retweet_count,favorite_count,entities/hashtags/0/text,entities/hashtags/0/indices/0,entities/hashtags/0/indices/1,entities/hashtags/1/text,entities/hashtags/1/indices/0,entities/hashtags/1/indices/1,entities/urls/0/url,entities/urls/0/expanded_url,entities/urls/0/display_url,entities/urls/0/indices/0,entities/urls/0/indices/1,entities/user_mentions/0/screen_name,entities/user_mentions/0/name,entities/user_mentions/0/id,entities/user_mentions/0/id_str,entities/user_mentions/0/indices/0,entities/user_mentions/0/indices/1,favorited,retweeted,possibly_sensitive,lang,user/entities/description/urls/0/url,user/entities/description/urls/0/expanded_url,user/entities/description/urls/0/display_url,user/entities/description/urls/0/indices/0,user/entities/description/urls/0/indices/1,user/entities/description/urls/1/url,user/entities/description/urls/1/expanded_url,user/entities/description/urls/1/display_url,user/entities/description/urls/1/indices/0,user/entities/description/urls/1/indices/1,entities/hashtags/2/text,entities/hashtags/2/indices/0,entities/hashtags/2/indices/1,entities/hashtags/3/text,entities/hashtags/3/indices/0,entities/hashtags/3/indices/1,entities/media/0/id,entities/media/0/id_str,entities/media/0/indices/0,entities/media/0/indices/1,entities/media/0/media_url,entities/media/0/media_url_https,entities/media/0/url,entities/media/0/display_url,entities/media/0/expanded_url,entities/media/0/type,entities/media/0/sizes/medium/w,entities/media/0/sizes/medium/h,entities/media/0/sizes/medium/resize,entities/media/0/sizes/thumb/w,entities/media/0/sizes/thumb/h,entities/media/0/sizes/thumb/resize,entities/media/0/sizes/large/w,entities/media/0/sizes/large/h,entities/media/0/sizes/large/resize,entities/media/0/sizes/small/w,entities/media/0/sizes/small/h,entities/media/0/sizes/small/resize,entities/hashtags/4/text,entities/hashtags/4/indices/0,entities/hashtags/4/indices/1,user/entities/description/urls/2/url,user/entities/description/urls/2/expanded_url,user/entities/description/urls/2/display_url,user/entities/description/urls/2/indices/0,user/entities/description/urls/2/indices/1,entities/user_mentions/1/screen_name,entities/user_mentions/1/name,entities/user_mentions/1/id,entities/user_mentions/1/id_str,entities/user_mentions/1/indices/0,entities/user_mentions/1/indices/1,,en,popular,Thu Jul 03 21:33:59 +0000 2014,4.85E+17,4.85E+17,Here's how many #apps U.S. smartphone users of different ages use on average http://t.co/foGxJTZaxd #tech #mobile http://t.co/1S5dfZNQBy,"<a href=""http://twitter.com"" rel=""nofollow"">Twitter Web Client</a>",FALSE,,,,,,19478383,19478383,Sean Gardner,2morrowknight,"Seattle, Wash. DC or 30,000 ft","Forbes #1 Social Media Influencer, #GivingTuesday Ambassador, Speaker | Columnist @LinkedIn @Huffingtonpost @SocialMediaWeek @Smedio | http://t.co/0aOVeJF5rf",http://t.co/AcJjxdIA4L,http://t.co/AcJjxdIA4L,http://www.huffingtonpost.com/2morrowknight/,huffingtonpost.com/2morrowknight/,0,22,FALSE,693289,528568,11827,Sun Jan 25 04:58:19 +0000 2009,32091,-25200,Pacific Time (US & Canada),TRUE,FALSE,96196,en,FALSE,FALSE,FALSE,EBEBEB,http://pbs.twimg.com/profile_background_images/378800000105445673/a27987133fe3abef2fb156a07753b629.gif,https://pbs.twimg.com/profile_background_images/378800000105445673/a27987133fe3abef2fb156a07753b629.gif,FALSE,http://pbs.twimg.com/profile_images/2441910525/fl9zla1wvp1cq0ypm8et_normal.jpeg,https://pbs.twimg.com/profile_images/2441910525/fl9zla1wvp1cq0ypm8et_normal.jpeg,https://pbs.twimg.com/profile_banners/19478383/1396846251,990000,FFFFFF,F3F3F3,333333,TRUE,FALSE,FALSE,FALSE,FALSE,FALSE,,,,,14,10,apps,16,21,tech,100,105,http://t.co/foGxJTZaxd,http://bit.ly/1pMphxi,bit.ly/1pMphxi,77,99,,,,,,,FALSE,FALSE,FALSE,en,http://t.co/0aOVeJF5rf,http://linkd.in/1hI1rPL,linkd.in/1hI1rPL,135,157,,,,,,mobile,106,113,,,,4.85E+17,4.85E+17,114,136,http://pbs.twimg.com/media/BrpmPDyCYAEByDc.jpg,https://pbs.twimg.com/media/BrpmPDyCYAEByDc.jpg,http://t.co/1S5dfZNQBy,pic.twitter.com/1S5dfZNQBy,http://twitter.com/2morrowknight/status/484812320325922817/photo/1,photo,599,427,fit,150,150,crop,599,427,fit,339,242,fit,,,,,,,,,,,,,,,,en,popular,Thu Jul 03 18:36:03 +0000 2014,4.85E+17,4.85E+17,"#Future #Tech:researchers #3DPrint blood vessels. Next: artificial #organs!
‰__ http://t.co/SjtebR3XSt via @VentureBeat http://t.co/wnsr9EM5pj","<a href=""http://bufferapp.com"" rel=""nofollow"">Buffer</a>",FALSE,,,,,,21641427,21641427,Maxime Duprez,maximaxoo,"Lyon, France","Content scavenger. History, future, science, space, tech, IT, design, geek & fun stuff. I'm curious. Manifesto: http://t.co/gjYC4KkWtc",http://t.co/TLQFe1kbaY,http://t.co/TLQFe1kbaY,http://about.me/maximeduprez,about.me/maximeduprez,0,22,FALSE,29258,12885,657,Mon Feb 23 09:10:30 +0000 2009,40794,7200,Paris,FALSE,FALSE,26688,fr,FALSE,FALSE,FALSE,0099B9,http://pbs.twimg.com/profile_background_images/378800000180850275/g85FXVK0.jpeg,https://pbs.twimg.com/profile_background_images/378800000180850275/g85FXVK0.jpeg,FALSE,http://pbs.twimg.com/profile_images/378800000461209591/ea6b2d0f0b67ef502ee8496e0ae8c6c7_normal.jpeg,https://pbs.twimg.com/profile_images/378800000461209591/ea6b2d0f0b67ef502ee8496e0ae8c6c7_normal.jpeg,https://pbs.twimg.com/profile_banners/21641427/1398016560,0099B9,FFFFFF,252429,666666,TRUE,FALSE,FALSE,FALSE,FALSE,FALSE,,,,,40,16,Future,0,7,Tech,8,13,http://t.co/SjtebR3XSt,http://bit.ly/1rhJGtz,bit.ly/1rhJGtz,78,100,VentureBeat,VentureBeat,60642052,60642052,105,117,FALSE,FALSE,FALSE,en,http://t.co/gjYC4KkWtc,http://maximaxoo.tumblr.com/manifesto,maximaxoo.tumblr.com/manifesto,112,134,,,,,,3DPrint,26,34,organs,67,74,4.85E+17,4.85E+17,118,140,http://pbs.twimg.com/media/Bro9g1nIcAEiSfu.jpg,https://pbs.twimg.com/media/Bro9g1nIcAEiSfu.jpg,http://t.co/wnsr9EM5pj,pic.twitter.com/wnsr9EM5pj,http://twitter.com/maximaxoo/status/484767544654700546/photo/1,photo,600,450,fit,150,150,crop,780,585,fit,340,255,fit,,,,,,,,,,,,,,,,en,popular,Thu Jul 03 16:48:06 +0000 2014,4.85E+17,4.85E+17,"#Science #Tech: #3DPrinting an incredibly complex white matter #brain model
‰__ http://t.co/ZVBBcesiZA | @3DPrintBoard http://t.co/LuTKeiFeEi","<a href=""http://bufferapp.com"" rel=""nofollow"">Buffer</a>",FALSE,,,,,,21641427,21641427,Maxime Duprez,maximaxoo,"Lyon, France","Content scavenger. History, future, science, space, tech, IT, design, geek & fun stuff. I'm curious. Manifesto: http://t.co/gjYC4KkWtc",http://t.co/TLQFe1kbaY,http://t.co/TLQFe1kbaY,http://about.me/maximeduprez,about.me/maximeduprez,0,22,FALSE,29258,12885,657,Mon Feb 23 09:10:30 +0000 2009,40794,7200,Paris,FALSE,FALSE,26688,fr,FALSE,FALSE,FALSE,0099B9,http://pbs.twimg.com/profile_background_images/378800000180850275/g85FXVK0.jpeg,https://pbs.twimg.com/profile_background_images/378800000180850275/g85FXVK0.jpeg,FALSE,http://pbs.twimg.com/profile_images/378800000461209591/ea6b2d0f0b67ef502ee8496e0ae8c6c7_normal.jpeg,https://pbs.twimg.com/profile_images/378800000461209591/ea6b2d0f0b67ef502ee8496e0ae8c6c7_normal.jpeg,https://pbs.twimg.com/profile_banners/21641427/1398016560,0099B9,FFFFFF,252429,666666,TRUE,FALSE,FALSE,FALSE,FALSE,FALSE,,,,,31,20,Science,0,8,Tech,9,14,http://t.co/ZVBBcesiZA,http://bit.ly/1olM0wg,bit.ly/1olM0wg,78,100,3DPrintBoard,3D Print .com,1879821056,1879821056,103,116,FALSE,FALSE,FALSE,en,http://t.co/gjYC4KkWtc,http://maximaxoo.tumblr.com/manifesto,maximaxoo.tumblr.com/manifesto,112,134,,,,,,3DPrinting,16,27,brain,63,69,4.85E+17,4.85E+17,117,139,http://pbs.twimg.com/media/BrokzZvIcAAzDbq.jpg,https://pbs.twimg.com/media/BrokzZvIcAAzDbq.jpg,http://t.co/LuTKeiFeEi,pic.twitter.com/LuTKeiFeEi,http://twitter.com/maximaxoo/status/484740375656271872/photo/1,photo,600,450,fit,150,150,crop,1024,768,fit,340,255,fit,,,,,,,,,,,,,,,,en,popular,Thu Jul 03 16:15:09 +0000 2014,4.85E+17,4.85E+17,#tmobile is cramming bills with unauthorized fees. Here‰Ûªs what to do: http://t.co/1QbLudADc3 #tech #scam #phone,"<a href=""http://www.hootsuite.com"" rel=""nofollow"">Hootsuite</a>",FALSE,,,,,,16193528,16193528,Consumer Reports,ConsumerReports,New York,"The world‰Ûªs largest independent product-testing/consumer-advocacy organization. Our priority? The consumer! Our mission? Test, Inform, Protect!",http://t.co/UdwzAY69iD,http://t.co/UdwzAY69iD,http://www.ConsumerReports.org,ConsumerReports.org,0,22,FALSE,241098,381,4763,Mon Sep 08 22:44:11 +0000 2008,26,-14400,Eastern Time (US & Canada),TRUE,TRUE,18182,en,FALSE,FALSE,FALSE,FFFFFF,http://pbs.twimg.com/profile_background_images/378773162/cr_main_twitter_bg.png,https://pbs.twimg.com/profile_background_images/378773162/cr_main_twitter_bg.png,FALSE,http://pbs.twimg.com/profile_images/1683791848/profile_blob_1__normal.png,https://pbs.twimg.com/profile_images/1683791848/profile_blob_1__normal.png,https://pbs.twimg.com/profile_banners/16193528/1393348646,176FCC,E8E8E8,F4F4F4,0,TRUE,FALSE,FALSE,FALSE,FALSE,FALSE,,,,,12,6,tmobile,0,8,tech,93,98,http://t.co/1QbLudADc3,http://bit.ly/TRzycV,bit.ly/TRzycV,70,92,,,,,,,FALSE,FALSE,FALSE,en,,,,,,,,,,,scam,99,104,phone,105,111,,,,,,,,,,,,,,,,,,,,,,,,,,,,,,,,,,,,,,en,popular,Thu Jul 03 15:51:44 +0000 2014,4.85E+17,4.85E+17,Congrats NYC-based #health #tech startup @BeneStream on raising $1.58M in seed funding http://t.co/D3HqtYqayP,"<a href=""http://bufferapp.com"" rel=""nofollow"">Buffer</a>",FALSE,,,,,,53437516,53437516,PrivCo,PrivCo,"New York, NY",#PrivateCompany Financial Intelligence: Private Co. financials #VentureCapital #VC #funding #mergers #acquisitions #MandA #IPO #PrivateEquity #entrepreneurs,http://t.co/vPbNWOJwhG,http://t.co/vPbNWOJwhG,http://www.privco.com,privco.com,0,22,FALSE,4038,2082,142,Fri Jul 03 17:02:14 +0000 2009,82,-14400,Eastern Time (US & Canada),FALSE,FALSE,8653,en,FALSE,FALSE,FALSE,C0DEED,http://pbs.twimg.com/profile_background_images/839122165/1ee0b54fd55595d9dcf6c317261178db.png,https://pbs.twimg.com/profile_background_images/839122165/1ee0b54fd55595d9dcf6c317261178db.png,FALSE,http://pbs.twimg.com/profile_images/1466643684/PrivCo_Logo_TWT-01_normal.png,https://pbs.twimg.com/profile_images/1466643684/PrivCo_Logo_TWT-01_normal.png,,0084B4,FFFFFF,DDEEF6,333333,TRUE,FALSE,FALSE,FALSE,FALSE,FALSE,,,,,9,3,health,19,26,tech,27,32,http://t.co/D3HqtYqayP,http://bit.ly/1qBG9WV,bit.ly/1qBG9WV,87,109,BeneStream,BeneStream,550480941,550480941,41,52,FALSE,FALSE,FALSE,en,,,,,,,,,,,,,,,,,,,,,,,,,,,,,,,,,,,,,,,,,,,,,,,,,,,,,,en,popular,Thu Jul 03 14:55:42 +0000 2014,4.85E+17,4.85E+17,Nice job @ELLEmagazine #women #tech. Check out expanded list that includes #BlackWomen in #Tech via @blackenterprise http://t.co/49XaOxtTcH,"<a href=""http://twitter.com/download/android"" rel=""nofollow"">Twitter for Android</a>",FALSE,,,,,,412358434,412358434,Janell Hazelwood,JPHazelwood,"New York, NY","140 characters for a digital media chatterbox? The nerve! Host, Blogger & Digital Media Producer... Big fan of MILLENNIALS #BossMoves",http://t.co/WgXhYIHULy,http://t.co/WgXhYIHULy,http://about.me/JanellHazelwood,about.me/JanellHazelwood,0,22,FALSE,16853,4927,141,Mon Nov 14 15:50:39 +0000 2011,1403,-18000,Central Time (US & Canada),FALSE,FALSE,30739,en,FALSE,FALSE,FALSE,131516,http://pbs.twimg.com/profile_background_images/450659057804668928/VB_8KUgA.jpeg,https://pbs.twimg.com/profile_background_images/450659057804668928/VB_8KUgA.jpeg,TRUE,http://pbs.twimg.com/profile_images/378800000003338422/9096f43f58de8186e71fcf1b308e812d_normal.jpeg,https://pbs.twimg.com/profile_images/378800000003338422/9096f43f58de8186e71fcf1b308e812d_normal.jpeg,https://pbs.twimg.com/profile_banners/412358434/1378310585,9999,FFFFFF,EFEFEF,333333,TRUE,FALSE,FALSE,FALSE,FALSE,FALSE,,,,,9,2,women,23,29,tech,30,35,,,,,,ELLEmagazine,ELLE Magazine (US),20177423,20177423,9,22,FALSE,FALSE,FALSE,en,,,,,,,,,,,BlackWomen,75,86,Tech,90,95,4.85E+17,4.85E+17,117,139,http://pbs.twimg.com/media/BroLCcZCUAEVfuU.jpg,https://pbs.twimg.com/media/BroLCcZCUAEVfuU.jpg,http://t.co/49XaOxtTcH,pic.twitter.com/49XaOxtTcH,http://twitter.com/JPHazelwood/status/484712089815384064/photo/1,photo,600,800,fit,150,150,crop,768,1024,fit,340,453,fit,,,,,,,,,blackenterprise,Black Enterprise,15612015,15612015,100,116,,en,popular,Thu Jul 03 12:27:59 +0000 2014,4.85E+17,4.85E+17,We have to KILL stereotype that only boys---particularly white boys--- can be savvy with #tech. There are PLENTY women making #bossmoves.,"<a href=""http://twitter.com"" rel=""nofollow"">Twitter Web Client</a>",FALSE,,,,,,412358434,412358434,Janell Hazelwood,JPHazelwood,"New York, NY","140 characters for a digital media chatterbox? The nerve! Host, Blogger & Digital Media Producer... Big fan of MILLENNIALS #BossMoves",http://t.co/WgXhYIHULy,http://t.co/WgXhYIHULy,http://about.me/JanellHazelwood,about.me/JanellHazelwood,0,22,FALSE,16853,4927,141,Mon Nov 14 15:50:39 +0000 2011,1403,-18000,Central Time (US & Canada),FALSE,FALSE,30739,en,FALSE,FALSE,FALSE,131516,http://pbs.twimg.com/profile_background_images/450659057804668928/VB_8KUgA.jpeg,https://pbs.twimg.com/profile_background_images/450659057804668928/VB_8KUgA.jpeg,TRUE,http://pbs.twimg.com/profile_images/378800000003338422/9096f43f58de8186e71fcf1b308e812d_normal.jpeg,https://pbs.twimg.com/profile_images/378800000003338422/9096f43f58de8186e71fcf1b308e812d_normal.jpeg,https://pbs.twimg.com/profile_banners/412358434/1378310585,9999,FFFFFF,EFEFEF,333333,TRUE,FALSE,FALSE,FALSE,FALSE,FALSE,,,,,32,14,tech,89,94,bossmoves,126,136,,,,,,,,,,,,FALSE,FALSE,,en,,,,,,,,,,,,,,,,,,,,,,,,,,,,,,,,,,,,,,,,,,,,,,,,,,,,,,en,popular,Thu Jul 03 12:27:30 +0000 2014,4.85E+17,4.85E+17,"Ladies, get into #coding. And if it's not really your thing, get your daughter/sisters/cousins/nieces into it. #Bossmoves #tech","<a href=""http://twitter.com"" rel=""nofollow"">Twitter Web Client</a>",FALSE,,,,,,412358434,412358434,Janell Hazelwood,JPHazelwood,"New York, NY","140 characters for a digital media chatterbox? The nerve! Host, Blogger & Digital Media Producer... Big fan of MILLENNIALS #BossMoves",http://t.co/WgXhYIHULy,http://t.co/WgXhYIHULy,http://about.me/JanellHazelwood,about.me/JanellHazelwood,0,22,FALSE,16853,4927,141,Mon Nov 14 15:50:39 +0000 2011,1403,-18000,Central Time (US & Canada),FALSE,FALSE,30739,en,FALSE,FALSE,FALSE,131516,http://pbs.twimg.com/profile_background_images/450659057804668928/VB_8KUgA.jpeg,https://pbs.twimg.com/profile_background_images/450659057804668928/VB_8KUgA.jpeg,TRUE,http://pbs.twimg.com/profile_images/378800000003338422/9096f43f58de8186e71fcf1b308e812d_normal.jpeg,https://pbs.twimg.com/profile_images/378800000003338422/9096f43f58de8186e71fcf1b308e812d_normal.jpeg,https://pbs.twimg.com/profile_banners/412358434/1378310585,9999,FFFFFF,EFEFEF,333333,TRUE,FALSE,FALSE,FALSE,FALSE,FALSE,,,,,19,8,coding,17,24,Bossmoves,111,121,,,,,,,,,,,,FALSE,FALSE,,en,,,,,,,,,,,tech,122,127,,,,,,,,,,,,,,,,,,,,,,,,,,,,,,,,,,,,,,,,,en,popular,Thu Jul 03 12:25:57 +0000 2014,4.85E+17,4.85E+17,I will NEVER understand a professional who does not at least try to learn #tech skills in today's market. You will get left behind.,"<a href=""http://twitter.com"" rel=""nofollow"">Twitter Web Client</a>",FALSE,,,,,,412358434,412358434,Janell Hazelwood,JPHazelwood,"New York, NY","140 characters for a digital media chatterbox? The nerve! Host, Blogger & Digital Media Producer... Big fan of MILLENNIALS #BossMoves",http://t.co/WgXhYIHULy,http://t.co/WgXhYIHULy,http://about.me/JanellHazelwood,about.me/JanellHazelwood,0,22,FALSE,16853,4927,141,Mon Nov 14 15:50:39 +0000 2011,1403,-18000,Central Time (US & Canada),FALSE,FALSE,30739,en,FALSE,FALSE,FALSE,131516,http://pbs.twimg.com/profile_background_images/450659057804668928/VB_8KUgA.jpeg,https://pbs.twimg.com/profile_background_images/450659057804668928/VB_8KUgA.jpeg,TRUE,http://pbs.twimg.com/profile_images/378800000003338422/9096f43f58de8186e71fcf1b308e812d_normal.jpeg,https://pbs.twimg.com/profile_images/378800000003338422/9096f43f58de8186e71fcf1b308e812d_normal.jpeg,https://pbs.twimg.com/profile_banners/412358434/1378310585,9999,FFFFFF,EFEFEF,333333,TRUE,FALSE,FALSE,FALSE,FALSE,FALSE,,,,,25,10,tech,74,79,,,,,,,,,,,,,,,FALSE,FALSE,,en,,,,,,,,,,,,,,,,,,,,,,,,,,,,,,,,,,,,,,,,,,,,,,,,,,,,,,en,popular,Thu Jul 03 08:45:04 +0000 2014,4.85E+17,4.85E+17,Poland‰Ûªs #startup scene: Krakow‰Ûªs emerging entrepreneurial ecosystem draws attention of #tech giants: http://t.co/8VNzbV2Cgi via @Tech_eu,"<a href=""https://about.twitter.com/products/tweetdeck"" rel=""nofollow"">TweetDeck</a>",FALSE,,,,,,282100055,282100055,App Developers,AppsAlliance,,"The Apps Alliance is a non-profit global membership organization that supports developers as creators, innovators, and entrepreneurs.",http://t.co/zQ81Ers96x,http://t.co/zQ81Ers96x,http://appdevelopersalliance.org/,appdevelopersalliance.org,0,22,FALSE,10168,3332,274,Thu Apr 14 15:03:32 +0000 2011,842,-18000,Quito,TRUE,TRUE,7339,en,FALSE,FALSE,FALSE,C0DEED,http://pbs.twimg.com/profile_background_images/394659769/Apps_TwitterBground2.jpg,https://pbs.twimg.com/profile_background_images/394659769/Apps_TwitterBground2.jpg,FALSE,http://pbs.twimg.com/profile_images/378800000567522167/67c9099a7efdb8d63fa8c053f5ffee59_normal.png,https://pbs.twimg.com/profile_images/378800000567522167/67c9099a7efdb8d63fa8c053f5ffee59_normal.png,https://pbs.twimg.com/profile_banners/282100055/1399473619,48B5AA,FFFFFF,DDEEF6,333333,FALSE,FALSE,FALSE,FALSE,FALSE,FALSE,,,,,11,7,startup,9,17,tech,88,93,http://t.co/8VNzbV2Cgi,http://bit.ly/1ml7tXP,bit.ly/1ml7tXP,102,124,tech_eu,Tech.eu,1571068567,1571068567,129,137,FALSE,FALSE,FALSE,en,,,,,,,,,,,,,,,,,,,,,,,,,,,,,,,,,,,,,,,,,,,,,,,,,,,,,,en,popular,Thu Jul 03 07:55:06 +0000 2014,4.85E+17,4.85E+17,This is how young #tech millionaires invest their money: http://t.co/3iBYvI8y75,"<a href=""https://about.twitter.com/products/tweetdeck"" rel=""nofollow"">TweetDeck</a>",FALSE,,,,,,16184358,16184358,CNNMoney,CNNMoney,,The money news that matters most to you. Meet our team: http://t.co/RiReXP4sBN,http://t.co/6ltU37Tymf,http://t.co/6ltU37Tymf,http://CNNMoney.com,CNNMoney.com,0,22,FALSE,753560,862,14744,Mon Sep 08 13:44:47 +0000 2008,39,-14400,Eastern Time (US & Canada),FALSE,TRUE,61599,en,FALSE,FALSE,FALSE,CCCCCC,http://pbs.twimg.com/profile_background_images/415352398/cnnmoney-bg-tile.jpg,https://pbs.twimg.com/profile_background_images/415352398/cnnmoney-bg-tile.jpg,FALSE,http://pbs.twimg.com/profile_images/473104329033777156/1UDvVpnq_normal.jpeg,https://pbs.twimg.com/profile_images/473104329033777156/1UDvVpnq_normal.jpeg,https://pbs.twimg.com/profile_banners/16184358/1401635157,4571,FFFFFF,F0F0F0,0,FALSE,FALSE,FALSE,FALSE,FALSE,FALSE,,,,,17,26,tech,18,23,,,,http://t.co/3iBYvI8y75,http://cnnmon.ie/1hCJeyi,cnnmon.ie/1hCJeyi,57,79,,,,,,,FALSE,FALSE,FALSE,en,http://t.co/RiReXP4sBN,http://bit.ly/1oRPFkD,bit.ly/1oRPFkD,56,78,,,,,,,,,,,,,,,,,,,,,,,,,,,,,,,,,,,,,,,,,,,,,,,,,en,popular,Thu Jul 03 01:18:00 +0000 2014,4.85E+17,4.85E+17,Yesterday Uber and Lyft were issued cease and desist orders in Pittsburgh. @M_Feeney comments: http://t.co/BITkHXdQi8 #startup #tech,"<a href=""http://bufferapp.com"" rel=""nofollow"">Buffer</a>",FALSE,,,,,,15450996,15450996,Cato Institute,CatoInstitute,"Washington, DC","A public policy research organization dedicated to individual liberty, limited government, free markets, and peace.",http://t.co/B8J61WyWZc,http://t.co/B8J61WyWZc,http://www.cato.org/,cato.org,0,22,FALSE,213376,11240,7554,Wed Jul 16 05:46:16 +0000 2008,4434,-14400,Eastern Time (US & Canada),FALSE,TRUE,24039,en,FALSE,FALSE,FALSE,0,http://pbs.twimg.com/profile_background_images/741812871/93126d403493e99294d2ad82d96602c4.png,https://pbs.twimg.com/profile_background_images/741812871/93126d403493e99294d2ad82d96602c4.png,TRUE,http://pbs.twimg.com/profile_images/2992058193/9064aa3de77e47f837ac94550609e10d_normal.png,https://pbs.twimg.com/profile_images/2992058193/9064aa3de77e47f837ac94550609e10d_normal.png,https://pbs.twimg.com/profile_banners/15450996/1394630165,BA2339,FFFFFF,FFFFFF,955B36,TRUE,FALSE,FALSE,FALSE,FALSE,FALSE,,,,,21,14,startup,118,126,tech,127,132,http://t.co/BITkHXdQi8,http://j.mp/1mUfi5R,j.mp/1mUfi5R,95,117,M_Feeney,Matthew Feeney,288153991,288153991,75,84,FALSE,FALSE,FALSE,en,,,,,,,,,,,,,,,,,,,,,,,,,,,,,,,,,,,,,,,,,,,,,,,,,,,,,,en,popular,Wed Jul 02 17:58:01 +0000 2014,4.84E+17,4.84E+17,"#Future #Tech: #Ekocycle cube, a #3DPrinter using #recycled plastic bottles
‰__ http://t.co/rVJ9kahyvc via @DesignBoom http://t.co/wdh23AGuax","<a href=""http://bufferapp.com"" rel=""nofollow"">Buffer</a>",FALSE,,,,,,21641427,21641427,Maxime Duprez,maximaxoo,"Lyon, France","Content scavenger. History, future, science, space, tech, IT, design, geek & fun stuff. I'm curious. Manifesto: http://t.co/gjYC4KkWtc",http://t.co/TLQFe1kbaY,http://t.co/TLQFe1kbaY,http://about.me/maximeduprez,about.me/maximeduprez,0,22,FALSE,29258,12885,657,Mon Feb 23 09:10:30 +0000 2009,40794,7200,Paris,FALSE,FALSE,26688,fr,FALSE,FALSE,FALSE,0099B9,http://pbs.twimg.com/profile_background_images/378800000180850275/g85FXVK0.jpeg,https://pbs.twimg.com/profile_background_images/378800000180850275/g85FXVK0.jpeg,FALSE,http://pbs.twimg.com/profile_images/378800000461209591/ea6b2d0f0b67ef502ee8496e0ae8c6c7_normal.jpeg,https://pbs.twimg.com/profile_images/378800000461209591/ea6b2d0f0b67ef502ee8496e0ae8c6c7_normal.jpeg,https://pbs.twimg.com/profile_banners/21641427/1398016560,0099B9,FFFFFF,252429,666666,TRUE,FALSE,FALSE,FALSE,FALSE,FALSE,,,,,19,7,Future,0,7,Tech,8,13,http://t.co/rVJ9kahyvc,http://bit.ly/1qvSQme,bit.ly/1qvSQme,78,100,designboom,designboom,24799500,24799500,105,116,FALSE,FALSE,FALSE,en,http://t.co/gjYC4KkWtc,http://maximaxoo.tumblr.com/manifesto,maximaxoo.tumblr.com/manifesto,112,134,,,,,,Ekocycle,15,24,3DPrinter,33,43,4.84E+17,4.84E+17,117,139,http://pbs.twimg.com/media/BrjrN8jIAAAk2Ga.jpg,https://pbs.twimg.com/media/BrjrN8jIAAAk2Ga.jpg,http://t.co/wdh23AGuax,pic.twitter.com/wdh23AGuax,http://twitter.com/maximaxoo/status/484395584963760128/photo/1,photo,600,387,fit,150,150,crop,818,527,fit,340,219,fit,recycled,50,59,,,,,,,,,,,,,en,popular,Wed Jul 02 17:47:22 +0000 2014,4.84E+17,4.84E+17,Top 10 Reasons to Travel With Your Smartphone http://t.co/7oTpPxhVo3 #Tech #Lumia #Icon #Travel http://t.co/DP7sE6HrOT,"<a href=""http://twitter.com"" rel=""nofollow"">Twitter Web Client</a>",FALSE,,,,,,23135992,23135992,Ann Tran,AnnTran_,"Washington, D.C.","Social media consultant,travel social marketing strategist. Forbes Top10 #SM Influencer. http://t.co/DK39dblVz1
Contributor at
http://t.co/HhUbIMLN5M",http://t.co/mNEKqjTSGU,http://t.co/mNEKqjTSGU,http://huffingtonpost.com/ann-tran/,huffingtonpost.com/ann-tran/,0,22,FALSE,402607,173528,11921,Fri Mar 06 23:30:29 +0000 2009,1718,-14400,Eastern Time (US & Canada),TRUE,FALSE,114160,en,FALSE,FALSE,FALSE,FFFFFF,http://pbs.twimg.com/profile_background_images/378800000111761054/5eba3b5cd5937e7ac235b1019937e85c.jpeg,https://pbs.twimg.com/profile_background_images/378800000111761054/5eba3b5cd5937e7ac235b1019937e85c.jpeg,FALSE,http://pbs.twimg.com/profile_images/425465009376722944/W5z0R2ci_normal.jpeg,https://pbs.twimg.com/profile_images/425465009376722944/W5z0R2ci_normal.jpeg,https://pbs.twimg.com/profile_banners/23135992/1399037847,2F0F5B,FFFFFF,DAECF4,663B12,TRUE,FALSE,FALSE,FALSE,FALSE,FALSE,,,,,48,19,Tech,69,74,Lumia,75,81,http://t.co/7oTpPxhVo3,http://goo.gl/nFRNpa,goo.gl/nFRNpa,46,68,,,,,,,FALSE,FALSE,FALSE,en,http://t.co/DK39dblVz1,http://ann-tran.com/,ann-tran.com,89,111,http://t.co/HhUbIMLN5M,http://www.entrepreneur.com/author/ann-tran,entrepreneur.com/author/ann-tran,129,151,Icon,82,87,Travel,88,95,4.84E+17,4.84E+17,96,118,http://pbs.twimg.com/media/BrjoxweIMAALkT1.jpg,https://pbs.twimg.com/media/BrjoxweIMAALkT1.jpg,http://t.co/DP7sE6HrOT,pic.twitter.com/DP7sE6HrOT,http://twitter.com/AnnTran_/status/484392902630862848/photo/1,photo,600,960,fit,150,150,crop,800,1280,fit,340,544,fit,,,,,,,,,,,,,,,,en,popular,Wed Jul 02 11:00:45 +0000 2014,4.84E+17,4.84E+17,Everything You Need to Know About Running in the Heat: http://t.co/A03pdkvsg9 #tech #technology #geeky,"<a href=""http://bufferapp.com"" rel=""nofollow"">Buffer</a>",FALSE,,,,,,16075573,16075573,Kent Gustavson,drkent,New York / Tulsa,Editor-in-Chief @booksthatmatter | ‰__ TEDx Talk http://t.co/ngpU1XCKR2 | ‰Ï_ Award-Winning Author http://t.co/I12Ze76MdJ | ‰ªÂ Musician http://t.co/mZLtGUGW26,http://t.co/lWSFXJIGHL,http://t.co/lWSFXJIGHL,http://kentgustavson.com,kentgustavson.com,0,22,FALSE,48579,25730,864,Mon Sep 01 02:47:04 +0000 2008,29082,-14400,Eastern Time (US & Canada),FALSE,FALSE,29327,en,FALSE,FALSE,FALSE,1A1B1F,http://pbs.twimg.com/profile_background_images/4951319/wood_bg_5.jpg,https://pbs.twimg.com/profile_background_images/4951319/wood_bg_5.jpg,TRUE,http://pbs.twimg.com/profile_images/3001239241/c4df5577c97f818e76128c8aeddeb3cf_normal.jpeg,https://pbs.twimg.com/profile_images/3001239241/c4df5577c97f818e76128c8aeddeb3cf_normal.jpeg,https://pbs.twimg.com/profile_banners/16075573/1398836406,EF692F,CB8F67,ECE1D9,666666,TRUE,FALSE,FALSE,FALSE,FALSE,FALSE,,,,,20,3,tech,78,83,technology,84,95,http://t.co/A03pdkvsg9,http://bit.ly/1vhB4kg,bit.ly/1vhB4kg,55,77,,,,,,,FALSE,FALSE,FALSE,en,http://t.co/ngpU1XCKR2,http://bit.ly/kent-ted,bit.ly/kent-ted,47,69,http://t.co/I12Ze76MdJ,http://bit.ly/doc-bio,bit.ly/doc-bio,95,117,geeky,96,102,,,,,,,,,,,,,,,,,,,,,,,,,,,,,http://t.co/mZLtGUGW26,http://bit.ly/kent-noisetrade,bit.ly/kent-noisetrade,131,153,,,,,,,,en,popular,Wed Jul 02 11:00:45 +0000 2014,4.84291E+17,4.84291E+17,Everything You Need to Know About Running in the Heat: http://t.co/A03pdkvsg9 #tech #technology #geeky,"<a href=""http://bufferapp.com"" rel=""nofollow"">Buffer</a>",FALSE,,,,,,16075573,16075573,Kent Gustavson,drkent,New York / Tulsa,Editor-in-Chief @booksthatmatter | â–º TEDx Talk http://t.co/ngpU1XCKR2 | âœ_ Award-Winning Author http://t.co/I12Ze76MdJ | â™¬ Musician http://t.co/mZLtGUGW26,http://t.co/lWSFXJIGHL,http://t.co/lWSFXJIGHL,http://kentgustavson.com,kentgustavson.com,0,22,http://t.co/ngpU1XCKR2,http://bit.ly/kent-ted,bit.ly/kent-ted,47,69,http://t.co/I12Ze76MdJ,http://bit.ly/doc-bio,bit.ly/doc-bio,95,117,http://t.co/mZLtGUGW26,http://bit.ly/kent-noisetrade,bit.ly/kent-noisetrade,131,153,FALSE,48601,25726,864,Mon Sep 01 02:47:04 +0000 2008,29082,-14400,Eastern Time (US & Canada),FALSE,FALSE,29328,en,FALSE,FALSE,FALSE,1A1B1F,http://pbs.twimg.com/profile_background_images/4951319/wood_bg_5.jpg,https://pbs.twimg.com/profile_background_images/4951319/wood_bg_5.jpg,TRUE,http://pbs.twimg.com/profile_images/3001239241/c4df5577c97f818e76128c8aeddeb3cf_normal.jpeg,https://pbs.twimg.com/profile_images/3001239241/c4df5577c97f818e76128c8aeddeb3cf_normal.jpeg,https://pbs.twimg.com/profile_banners/16075573/1398836406,EF692F,CB8F67,ECE1D9,666666,TRUE,FALSE,FALSE,FALSE,FALSE,FALSE,,,,,20,3,tech,78,83,technology,84,95,geeky,96,102,http://t.co/A03pdkvsg9,http://bit.ly/1vhB4kg,bit.ly/1vhB4kg,55,77,FALSE,FALSE,FALSE,en,,,,,,,,,,,,,,,,,,,,,,,,,,,,,,,,,,,,,,,,,,es,popular,Wed Jul 02 08:53:04 +0000 2014,4.84258E+17,4.84258E+17,Detectar un billete o un bolso falso usando solo la luz del mÃ_vil http://t.co/0rBhHziC1B #tech #innovacion #innovadores #mobile,"<a href=""http://bufferapp.com"" rel=""nofollow"">Buffer</a>",FALSE,,,,,,2321294030,2321294030,INNOVADORES,Elmundoinnov,,"Twitter oficial del suplemento nacional INNOVADORES de EL MUNDO, de lunes a viernes en Orbyt y elmundo.es",http://t.co/36wQxZocDq,http://t.co/36wQxZocDq,http://www.elmundo.es/economia/innovadores.html,elmundo.es/economia/innovâ€_,0,22,,,,,,,,,,,,,,,,FALSE,1110,309,36,Fri Jan 31 20:02:19 +0000 2014,234,7200,Amsterdam,FALSE,FALSE,1415,es,FALSE,FALSE,FALSE,C0DEED,http://abs.twimg.com/images/themes/theme1/bg.png,https://abs.twimg.com/images/themes/theme1/bg.png,FALSE,http://pbs.twimg.com/profile_images/432886701208252416/zPI5Hvt2_normal.jpeg,https://pbs.twimg.com/profile_images/432886701208252416/zPI5Hvt2_normal.jpeg,,0084B4,C0DEED,DDEEF6,333333,TRUE,TRUE,FALSE,FALSE,FALSE,FALSE,,,,,37,23,tech,89,94,innovacion,95,106,innovadores,107,119,http://t.co/0rBhHziC1B,http://buff.ly/1mINVGZ,buff.ly/1mINVGZ,66,88,FALSE,FALSE,FALSE,es,mobile,120,127,,,,,,,,,,,,,,,,,,,,,,,,,,,,,,,,,,,,,,,en,popular,Wed Jul 02 07:04:44 +0000 2014,4.84231E+17,4.84231E+17,"RT @rosequartz0518: ""The history of the Walkman: 35 years of iconic music players"" http://t.co/jyryHzWxsj #tech http://t.co/3up3jaUWuH","<a href=""http://www.hootsuite.com"" rel=""nofollow"">Hootsuite</a>",FALSE,,,,,,8071902,8071902,Reg Saddler,zaibatsu,Minneapolis / Minnesota / MN,"Just a guy who loves Social Media, Tech, Science and Travel. Want to know what our company does: The 1st Rule of Fightclub: you don't talk about Fightclub #TFB",https://t.co/PCUM3RK0cY,https://t.co/PCUM3RK0cY,https://plus.google.com/+RegSaddler/posts,plus.google.com/+RegSaddler/poâ€_,0,23,,,,,,,,,,,,,,,,FALSE,486102,301503,9550,Thu Aug 09 05:27:22 +0000 2007,713,-18000,Central Time (US & Canada),FALSE,FALSE,112272,en,FALSE,FALSE,FALSE,FFFFFF,http://pbs.twimg.com/profile_background_images/59970219/RegSbg_35.jpg,https://pbs.twimg.com/profile_background_images/59970219/RegSbg_35.jpg,FALSE,http://pbs.twimg.com/profile_images/1765976458/1111_normal.jpg,https://pbs.twimg.com/profile_images/1765976458/1111_normal.jpg,https://pbs.twimg.com/profile_banners/8071902/1348052565,0084B4,BDDCAD,DDFFCC,333333,TRUE,FALSE,FALSE,FALSE,FALSE,FALSE,,,,,23,20,tech,106,111,,,,,,,http://t.co/jyryHzWxsj,http://bit.ly/1o6aGXT,bit.ly/1o6aGXT,83,105,FALSE,FALSE,FALSE,en,,,,rosequartz0518,Chiaki Fujita,141211692,141211692,3,18,4.84195E+17,4.84195E+17,112,134,http://pbs.twimg.com/media/Brg0tORCYAArlHM.png,https://pbs.twimg.com/media/Brg0tORCYAArlHM.png,http://t.co/3up3jaUWuH,pic.twitter.com/3up3jaUWuH,http://twitter.com/rosequartz0518/status/484194914402459648/photo/1,photo,531,390,fit,339,249,fit,150,150,crop,531,390,fit,4.84195E+17,4.84195E+17,,,,,,,,,en,popular,Wed Jul 02 03:12:00 +0000 2014,4.84173E+17,4.84173E+17,"SURVEY: ""Half of Americans can't go a day without their phones"" (Business Insider) http://t.co/Mv8C8S7DX0 #mobile #tech","<a href=""http://twitter.com"" rel=""nofollow"">Twitter Web Client</a>",FALSE,,,,,,19478383,19478383,Sean Gardner,2morrowknight,"Seattle, Wash. DC or 30,000 ft","Forbes #1 Social Media Influencer, #GivingTuesday Ambassador, Speaker | Columnist @LinkedIn @Huffingtonpost @SocialMediaWeek @Smedio | http://t.co/0aOVeJF5rf",http://t.co/AcJjxdIA4L,http://t.co/AcJjxdIA4L,http://www.huffingtonpost.com/2morrowknight/,huffingtonpost.com/2morrowknight/,0,22,http://t.co/0aOVeJF5rf,http://linkd.in/1hI1rPL,linkd.in/1hI1rPL,135,157,,,,,,,,,,,FALSE,693272,528562,11828,Sun Jan 25 04:58:19 +0000 2009,32089,-25200,Pacific Time (US & Canada),TRUE,FALSE,96207,en,FALSE,FALSE,FALSE,EBEBEB,http://pbs.twimg.com/profile_background_images/378800000105445673/a27987133fe3abef2fb156a07753b629.gif,https://pbs.twimg.com/profile_background_images/378800000105445673/a27987133fe3abef2fb156a07753b629.gif,FALSE,http://pbs.twimg.com/profile_images/2441910525/fl9zla1wvp1cq0ypm8et_normal.jpeg,https://pbs.twimg.com/profile_images/2441910525/fl9zla1wvp1cq0ypm8et_normal.jpeg,https://pbs.twimg.com/profile_banners/19478383/1396846251,990000,FFFFFF,F3F3F3,333333,TRUE,FALSE,FALSE,FALSE,FALSE,FALSE,,,,,18,7,mobile,106,113,tech,114,119,,,,http://t.co/Mv8C8S7DX0,http://read.bi/1xct6vR,read.bi/1xct6vR,83,105,FALSE,FALSE,FALSE,en,,,,,,,,,,,,,,,,,,,,,,,,,,,,,,,,,,,,,,,,,,pt,popular,Tue Jul 01 20:45:58 +0000 2014,4.84075E+17,4.84075E+17,Simples e genial! Menino cria dispositivo para evitar que bebÃªs sejam esquecidos em carros. http://t.co/HeJH4tLRtz #inventor #genial #tech,"<a href=""http://twitter.com"" rel=""nofollow"">Twitter Web Client</a>",FALSE,,,,,,35971359,35971359,Klecio GonÃ§alves,klecio,"-3.720105,-38.528804","Um cientista tentando ser cineasta, pensando que Ã© publicitÃ¡rio...
http://t.co/PufBRFsK",http://t.co/tsurcyA9Xd,http://t.co/tsurcyA9Xd,http://about.me/klecio,about.me/klecio,0,22,http://t.co/PufBRFsK,http://migre.me/56Y4W,migre.me/56Y4W,68,88,,,,,,,,,,,FALSE,955,567,26,Tue Apr 28 03:17:27 +0000 2009,155,-10800,Brasilia,TRUE,FALSE,9573,pt,FALSE,FALSE,FALSE,1A1D2C,http://pbs.twimg.com/profile_background_images/755562047/9d9aaeab9202e599c8d8518036ca5418.png,https://pbs.twimg.com/profile_background_images/755562047/9d9aaeab9202e599c8d8518036ca5418.png,TRUE,http://pbs.twimg.com/profile_images/2538752088/gywssp714uezhn6rclva_normal.png,https://pbs.twimg.com/profile_images/2538752088/gywssp714uezhn6rclva_normal.png,https://pbs.twimg.com/profile_banners/35971359/1356842533,225280,F8E7CD,AB7978,485A5E,TRUE,FALSE,FALSE,FALSE,FALSE,FALSE,,,,,28,12,inventor,115,124,genial,125,132,tech,133,138,http://t.co/HeJH4tLRtz,http://bit.ly/Simplesegenial,bit.ly/Simplesegenial,92,114,FALSE,FALSE,FALSE,pt,,,,,,,,,,,,,,,,,,,,,,,,,,,,,,,,,,,,,,,,,,ar,popular,Tue Jul 01 20:35:50 +0000 2014,4.84073E+17,4.84073E+17,"Ø±Ø_Ù…Ù_Ø§ Ø§Ù„Ø¥Ø_Ù„Ø§Ù† Ø_Ù† Ø§Ù„Ù‡Ø§ØªÙÅ Ø§Ù„Ø°ÙƒÙ_ #GalaxyS5Mini Ù…Ù† Ø_Ø§Ù…Ø_ÙˆÙ†Ø¬
#traidnt #tech 
http://t.co/xVSe6lJmQh","<a href=""http://www.hootsuite.com"" rel=""nofollow"">Hootsuite</a>",FALSE,,,,,,40037028,40037028,Traidnt Group,Traidnt,"Saudi Arabia, Riyadh",Ù…Ø¬Ù…ÙˆØ_Ø© ØªØ±Ø§Ù_Ø¯Ù†Øª Ø§Ù„Ø_Ø±Ø¨Ù_Ø©ØŒ Ø±Ø§Ø_Ø¯Ø© ÙÅÙ_ Ø_Ù„ÙˆÙ„ ÙˆØ®Ø¯Ù…Ø§Øª Ø§Ù„ÙˆÙ_Ø¨ Ø¨Ø§Ù„ÙˆØ·Ù† Ø§Ù„Ø_Ø±Ø¨Ù_ØŒ ØªØ§Ø¨Ø_Ù†Ø§ Ù„Ù„ØªØ_Ø±ÙÅ Ø_Ù„Ù‰ Ø§Ù„Ù…Ø_Ù_Ø¯ Ù…Ù† Ø£Ø®Ø¨Ø§Ø±Ù†Ø§ ÙˆØ_Ø±ÙˆØ¶Ù†Ø§ Ø§Ù„Ù…ØªÙ…Ù_Ø_Ø© Ø§Ù„ØªÙ_ ØªÙ†Ø´Ø± Ø_Ø¨Ø± Ø§Ù„Ø_Ø_Ø§Ø¨.,http://t.co/yMvDJysBVU,http://t.co/yMvDJysBVU,http://www.traidnt.net,traidnt.net,0,22,,,,,,,,,,,,,,,,FALSE,10664,12,25,Thu May 14 17:10:10 +0000 2009,0,10800,Riyadh,FALSE,FALSE,913,ar,FALSE,FALSE,FALSE,F8F7EF,http://pbs.twimg.com/profile_background_images/468816665711353856/hBqTINkZ.png,https://pbs.twimg.com/profile_background_images/468816665711353856/hBqTINkZ.png,TRUE,http://pbs.twimg.com/profile_images/464617785197203457/UKyGhDBm_normal.png,https://pbs.twimg.com/profile_images/464617785197203457/UKyGhDBm_normal.png,https://pbs.twimg.com/profile_banners/40037028/1400877903,136070,FFFFFF,E3E2DE,634047,TRUE,FALSE,FALSE,FALSE,FALSE,FALSE,,,,,50,9,GalaxyS5Mini,30,43,traidnt,55,63,tech,64,69,http://t.co/xVSe6lJmQh,http://news.traidnt.net/?p=2495,news.traidnt.net/?p=2495,71,93,FALSE,FALSE,FALSE,ar,,,,,,,,,,,,,,,,,,,,,,,,,,,,,,,,,,,,,,,,,,en,popular,Tue Jul 01 20:34:51 +0000 2014,4.84073E+17,4.84073E+17,#Elasticsearch vs. #Solr: How we chose the right search technology for scalable log management â†’ http://t.co/oabuydtu9r | #DevOps #Tech,"<a href=""http://sproutsocial.com"" rel=""nofollow"">Sprout Social</a>",FALSE,,,,,,42654085,42654085,"Loggly, Inc.",loggly,San Francisco,"Loggly is the world's most popular cloud-based log management service. Hoover, our energetic beaver mascot tweets all sorts of coolness... Dare to follow?",http://t.co/0W5LqtX84v,http://t.co/0W5LqtX84v,http://loggly.com,loggly.com,0,22,,,,,,,,,,,,,,,,FALSE,3773,2367,216,Tue May 26 16:02:42 +0000 2009,625,-25200,Pacific Time (US & Canada),TRUE,FALSE,4849,en,FALSE,FALSE,FALSE,FFFFFF,http://pbs.twimg.com/profile_background_images/125989643/twitterheavenbg.png,https://pbs.twimg.com/profile_background_images/125989643/twitterheavenbg.png,TRUE,http://pbs.twimg.com/profile_images/2597466371/jy01f4p69n78p0nl4xou_normal.png,https://pbs.twimg.com/profile_images/2597466371/jy01f4p69n78p0nl4xou_normal.png,https://pbs.twimg.com/profile_banners/42654085/1403407252,392414,C0DEED,DDEEF6,333333,TRUE,FALSE,FALSE,FALSE,FALSE,FALSE,,,,,33,37,Elasticsearch,0,14,Solr,19,24,DevOps,122,129,http://t.co/oabuydtu9r,http://bit.ly/VDfw7x,bit.ly/VDfw7x,97,119,FALSE,FALSE,FALSE,en,Tech,130,135,,,,,,,,,,,,,,,,,,,,,,,,,,,,,,,,,,,,,,,ar,popular,Tue Jul 01 20:27:58 +0000 2014,4.84071E+17,4.84071E+17,"Ø§Ù„Ù‡Ø§ØªÙÅ #GalaxyS5mini Ù‚Ø¯ Ù_ØªÙˆÙÅØ± Ù…Ù†ØªØµÙÅ Ù‡Ø°Ø§ Ø§Ù„Ø´Ù‡Ø± ÙÅÙ_ Ø§Ù„Ø£Ø_ÙˆØ§Ù‚
#Smartphone #tech #traidnt 
http://t.co/BoGuxFA1qL","<a href=""http://twitter.com"" rel=""nofollow"">Twitter Web Client</a>",FALSE,,,,,,40037028,40037028,Traidnt Group,Traidnt,"Saudi Arabia, Riyadh",Ù…Ø¬Ù…ÙˆØ_Ø© ØªØ±Ø§Ù_Ø¯Ù†Øª Ø§Ù„Ø_Ø±Ø¨Ù_Ø©ØŒ Ø±Ø§Ø_Ø¯Ø© ÙÅÙ_ Ø_Ù„ÙˆÙ„ ÙˆØ®Ø¯Ù…Ø§Øª Ø§Ù„ÙˆÙ_Ø¨ Ø¨Ø§Ù„ÙˆØ·Ù† Ø§Ù„Ø_Ø±Ø¨Ù_ØŒ ØªØ§Ø¨Ø_Ù†Ø§ Ù„Ù„ØªØ_Ø±ÙÅ Ø_Ù„Ù‰ Ø§Ù„Ù…Ø_Ù_Ø¯ Ù…Ù† Ø£Ø®Ø¨Ø§Ø±Ù†Ø§ ÙˆØ_Ø±ÙˆØ¶Ù†Ø§ Ø§Ù„Ù…ØªÙ…Ù_Ø_Ø© Ø§Ù„ØªÙ_ ØªÙ†Ø´Ø± Ø_Ø¨Ø± Ø§Ù„Ø_Ø_Ø§Ø¨.,http://t.co/yMvDJysBVU,http://t.co/yMvDJysBVU,http://www.traidnt.net,traidnt.net,0,22,,,,,,,,,,,,,,,,FALSE,10664,12,25,Thu May 14 17:10:10 +0000 2009,0,10800,Riyadh,FALSE,FALSE,913,ar,FALSE,FALSE,FALSE,F8F7EF,http://pbs.twimg.com/profile_background_images/468816665711353856/hBqTINkZ.png,https://pbs.twimg.com/profile_background_images/468816665711353856/hBqTINkZ.png,TRUE,http://pbs.twimg.com/profile_images/464617785197203457/UKyGhDBm_normal.png,https://pbs.twimg.com/profile_images/464617785197203457/UKyGhDBm_normal.png,https://pbs.twimg.com/profile_banners/40037028/1400877903,136070,FFFFFF,E3E2DE,634047,TRUE,FALSE,FALSE,FALSE,FALSE,FALSE,,,,,53,14,GalaxyS5mini,7,20,Smartphone,57,68,tech,69,74,http://t.co/BoGuxFA1qL,http://news.traidnt.net/?p=2498,news.traidnt.net/?p=2498,85,107,FALSE,FALSE,FALSE,ar,traidnt,75,83,,,,,,,,,,,,,,,,,,,,,,,,,,,,,,,,,,,,,,,en,popular,Sun Jun 29 05:05:03 +0000 2014,4.83114E+17,4.83114E+17,"Lookout Bad-guys!: X-Ray Gun Can Search for Drugs, Money, Weapons http://t.co/GZW8IYC0zV  #tech http://t.co/2AKnBUfJLk","<a href=""http://www.hootsuite.com"" rel=""nofollow"">Hootsuite</a>",FALSE,,,,,,8071902,8071902,Reg Saddler,zaibatsu,Minneapolis / Minnesota / MN,"Just a guy who loves Social Media, Tech, Science and Travel. Want to know what our company does: The 1st Rule of Fightclub: you don't talk about Fightclub #TFB",https://t.co/PCUM3RK0cY,https://t.co/PCUM3RK0cY,https://plus.google.com/+RegSaddler/posts,plus.google.com/+RegSaddler/poâ€_,0,23,,,,,,,,,,,,,,,,FALSE,486102,301503,9550,Thu Aug 09 05:27:22 +0000 2007,713,-18000,Central Time (US & Canada),FALSE,FALSE,112272,en,FALSE,FALSE,FALSE,FFFFFF,http://pbs.twimg.com/profile_background_images/59970219/RegSbg_35.jpg,https://pbs.twimg.com/profile_background_images/59970219/RegSbg_35.jpg,FALSE,http://pbs.twimg.com/profile_images/1765976458/1111_normal.jpg,https://pbs.twimg.com/profile_images/1765976458/1111_normal.jpg,https://pbs.twimg.com/profile_banners/8071902/1348052565,0084B4,BDDCAD,DDFFCC,333333,TRUE,FALSE,FALSE,FALSE,FALSE,FALSE,,,,,48,29,tech,90,95,,,,,,,http://t.co/GZW8IYC0zV,http://ow.ly/3miVuP,ow.ly/3miVuP,66,88,FALSE,FALSE,FALSE,en,,,,,,,,,,4.83114E+17,4.83114E+17,96,118,http://pbs.twimg.com/media/BrRdh5lIEAE7Ymx.jpg,https://pbs.twimg.com/media/BrRdh5lIEAE7Ymx.jpg,http://t.co/2AKnBUfJLk,pic.twitter.com/2AKnBUfJLk,http://twitter.com/zaibatsu/status/483113897285914625/photo/1,photo,600,337,fit,340,191,fit,150,150,crop,950,534,fit,,,,,,,,,,,en,popular,Sun Jun 29 04:18:32 +0000 2014,4.83102E+17,4.83102E+17,The Insane Plan to Build the Worldâ€™s Tallest Towers in a Lake in China http://t.co/M21aCxBCBz #tech http://t.co/2L13mjKNGn,"<a href=""http://smqueue.com"" rel=""nofollow"">smqueue</a>",FALSE,,,,,,8071902,8071902,Reg Saddler,zaibatsu,Minneapolis / Minnesota / MN,"Just a guy who loves Social Media, Tech, Science and Travel. Want to know what our company does: The 1st Rule of Fightclub: you don't talk about Fightclub #TFB",https://t.co/PCUM3RK0cY,https://t.co/PCUM3RK0cY,https://plus.google.com/+RegSaddler/posts,plus.google.com/+RegSaddler/poâ€_,0,23,,,,,,,,,,,,,,,,FALSE,486102,301503,9550,Thu Aug 09 05:27:22 +0000 2007,713,-18000,Central Time (US & Canada),FALSE,FALSE,112272,en,FALSE,FALSE,FALSE,FFFFFF,http://pbs.twimg.com/profile_background_images/59970219/RegSbg_35.jpg,https://pbs.twimg.com/profile_background_images/59970219/RegSbg_35.jpg,FALSE,http://pbs.twimg.com/profile_images/1765976458/1111_normal.jpg,https://pbs.twimg.com/profile_images/1765976458/1111_normal.jpg,https://pbs.twimg.com/profile_banners/8071902/1348052565,0084B4,BDDCAD,DDFFCC,333333,TRUE,FALSE,FALSE,FALSE,FALSE,FALSE,,,,,51,38,tech,94,99,,,,,,,http://t.co/M21aCxBCBz,http://ow.ly/3lUnap,ow.ly/3lUnap,71,93,FALSE,FALSE,FALSE,en,,,,,,,,,,4.79241E+17,4.79241E+17,100,122,http://pbs.twimg.com/media/BqabE3YIIAAB035.jpg,https://pbs.twimg.com/media/BqabE3YIIAAB035.jpg,http://t.co/2L13mjKNGn,pic.twitter.com/2L13mjKNGn,http://twitter.com/zaibatsu/status/479240918483341312/photo/1,photo,600,428,fit,340,243,fit,150,150,crop,636,454,fit,4.79241E+17,4.79241E+17,,,,,,,,,en,popular,Sat Jun 28 11:02:31 +0000 2014,4.82841E+17,4.82841E+17,NASA Uses a Shadow Network Thatâ€™s 1000 Times Faster Than Your Internet http://t.co/ET0UtvaRDN #tech http://t.co/5JVS3PUnI2,"<a href=""http://smqueue.com"" rel=""nofollow"">smqueue</a>",FALSE,,,,,,8071902,8071902,Reg Saddler,zaibatsu,Minneapolis / Minnesota / MN,"Just a guy who loves Social Media, Tech, Science and Travel. Want to know what our company does: The 1st Rule of Fightclub: you don't talk about Fightclub #TFB",https://t.co/PCUM3RK0cY,https://t.co/PCUM3RK0cY,https://plus.google.com/+RegSaddler/posts,plus.google.com/+RegSaddler/poâ€_,0,23,,,,,,,,,,,,,,,,FALSE,486102,301503,9550,Thu Aug 09 05:27:22 +0000 2007,713,-18000,Central Time (US & Canada),FALSE,FALSE,112272,en,FALSE,FALSE,FALSE,FFFFFF,http://pbs.twimg.com/profile_background_images/59970219/RegSbg_35.jpg,https://pbs.twimg.com/profile_background_images/59970219/RegSbg_35.jpg,FALSE,http://pbs.twimg.com/profile_images/1765976458/1111_normal.jpg,https://pbs.twimg.com/profile_images/1765976458/1111_normal.jpg,https://pbs.twimg.com/profile_banners/8071902/1348052565,0084B4,BDDCAD,DDFFCC,333333,TRUE,FALSE,FALSE,FALSE,FALSE,FALSE,,,,,65,35,tech,94,99,,,,,,,http://t.co/ET0UtvaRDN,http://ow.ly/3lTp26,ow.ly/3lTp26,71,93,FALSE,FALSE,FALSE,en,,,,,,,,,,4.79067E+17,4.79067E+17,100,122,http://pbs.twimg.com/media/BqX9I1AIUAA2fjw.jpg,https://pbs.twimg.com/media/BqX9I1AIUAA2fjw.jpg,http://t.co/5JVS3PUnI2,pic.twitter.com/5JVS3PUnI2,http://twitter.com/zaibatsu/status/479067263853936640/photo/1,photo,600,600,fit,340,340,fit,150,150,crop,800,800,fit,4.79067E+17,4.79067E+17,,,,,,,,,en,popular,Sat Jun 28 10:32:05 +0000 2014,4.82834E+17,4.82834E+17,"#Tech #Art: old farm equipment &amp; scrap metal turned into stunning sculptures
â–º http://t.co/KvPiNBMZSx via @boredpanda http://t.co/Zvzizf58k3","<a href=""http://bufferapp.com"" rel=""nofollow"">Buffer</a>",FALSE,,,,,,21641427,21641427,Maxime Duprez,maximaxoo,"Lyon, France","Content scavenger. History, future, science, space, tech, IT, design, geek & fun stuff. I'm curious. Manifesto: http://t.co/gjYC4KkWtc",http://t.co/TLQFe1kbaY,http://t.co/TLQFe1kbaY,http://about.me/maximeduprez,about.me/maximeduprez,0,22,http://t.co/gjYC4KkWtc,http://maximaxoo.tumblr.com/manifesto,maximaxoo.tumblr.com/manifesto,112,134,,,,,,,,,,,FALSE,29258,12885,657,Mon Feb 23 09:10:30 +0000 2009,40796,7200,Paris,FALSE,FALSE,26689,fr,FALSE,FALSE,FALSE,0099B9,http://pbs.twimg.com/profile_background_images/378800000180850275/g85FXVK0.jpeg,https://pbs.twimg.com/profile_background_images/378800000180850275/g85FXVK0.jpeg,FALSE,http://pbs.twimg.com/profile_images/378800000461209591/ea6b2d0f0b67ef502ee8496e0ae8c6c7_normal.jpeg,https://pbs.twimg.com/profile_images/378800000461209591/ea6b2d0f0b67ef502ee8496e0ae8c6c7_normal.jpeg,https://pbs.twimg.com/profile_banners/21641427/1398016560,0099B9,FFFFFF,252429,666666,TRUE,FALSE,FALSE,FALSE,FALSE,FALSE,,,,,74,51,Tech,0,5,Art,6,10,,,,http://t.co/KvPiNBMZSx,http://bit.ly/1pI5kTP,bit.ly/1pI5kTP,83,105,FALSE,FALSE,FALSE,en,,,,boredpanda,Bored Panda,59627487,59627487,110,121,4.82834E+17,4.82834E+17,122,144,http://pbs.twimg.com/media/BrNeythIYAE8tkl.jpg,https://pbs.twimg.com/media/BrNeythIYAE8tkl.jpg,http://t.co/Zvzizf58k3,pic.twitter.com/Zvzizf58k3,http://twitter.com/maximaxoo/status/482833810653200384/photo/1,photo,600,325,fit,340,184,fit,150,150,crop,1024,555,fit,,,,,,,,,,,en,popular,Fri Jun 27 14:05:04 +0000 2014,4.82525E+17,4.82525E+17,Nissan builds a real-life version of its stunning 'Gran Turismo' supercar  http://t.co/CtyhIDsp5o http://t.co/BwSGB0ZqlP #cars #tech,"<a href=""http://www.hootsuite.com"" rel=""nofollow"">Hootsuite</a>",FALSE,,,,,,8071902,8071902,Reg Saddler,zaibatsu,Minneapolis / Minnesota / MN,"Just a guy who loves Social Media, Tech, Science and Travel. Want to know what our company does: The 1st Rule of Fightclub: you don't talk about Fightclub #TFB",https://t.co/PCUM3RK0cY,https://t.co/PCUM3RK0cY,https://plus.google.com/+RegSaddler/posts,plus.google.com/+RegSaddler/poâ€_,0,23,,,,,,,,,,,,,,,,FALSE,486102,301503,9550,Thu Aug 09 05:27:22 +0000 2007,713,-18000,Central Time (US & Canada),FALSE,FALSE,112272,en,FALSE,FALSE,FALSE,FFFFFF,http://pbs.twimg.com/profile_background_images/59970219/RegSbg_35.jpg,https://pbs.twimg.com/profile_background_images/59970219/RegSbg_35.jpg,FALSE,http://pbs.twimg.com/profile_images/1765976458/1111_normal.jpg,https://pbs.twimg.com/profile_images/1765976458/1111_normal.jpg,https://pbs.twimg.com/profile_banners/8071902/1348052565,0084B4,BDDCAD,DDFFCC,333333,TRUE,FALSE,FALSE,FALSE,FALSE,FALSE,,,,,72,59,cars,121,126,tech,127,132,,,,http://t.co/CtyhIDsp5o,http://ow.ly/yvXd7,ow.ly/yvXd7,75,97,FALSE,FALSE,FALSE,en,,,,,,,,,,4.8248E+17,4.8248E+17,98,120,http://pbs.twimg.com/media/BrIdcgGIYAEA91K.jpg,https://pbs.twimg.com/media/BrIdcgGIYAEA91K.jpg,http://t.co/BwSGB0ZqlP,pic.twitter.com/BwSGB0ZqlP,http://twitter.com/verge/status/482480485827104769/photo/1,photo,600,400,fit,340,227,fit,150,150,crop,1020,680,fit,4.8248E+17,4.8248E+17,,,,,,,,,en,popular,Fri Jun 27 05:37:47 +0000 2014,4.82397E+17,4.82397E+17,Is the Supreme Court Aereo ruling actually the death of the bundle? http://t.co/aIwM3I0hzK #aereo #cordcutting #tech #abc #nbc #cbs #fox,"<a href=""https://dev.twitter.com/docs/tfw"" rel=""nofollow"">Twitter for Websites</a>",FALSE,,,,,,1955666635,1955666635,TVmix.com,TVmixUSA,Worldwide,"Television, Movies, Sports, Fashion, Video Games, Life.",http://t.co/TFOEjxT6Rx,http://t.co/TFOEjxT6Rx,http://tvmix.com,tvmix.com,0,22,,,,,,,,,,,,,,,,FALSE,5746,772,2,Sat Oct 12 03:39:27 +0000 2013,2364,,,FALSE,FALSE,2282,en,FALSE,FALSE,FALSE,EB174C,http://abs.twimg.com/images/themes/theme14/bg.gif,https://abs.twimg.com/images/themes/theme14/bg.gif,TRUE,http://pbs.twimg.com/profile_images/378800000612220520/196f8d8be2f156913a3e3615616ea3c7_normal.jpeg,https://pbs.twimg.com/profile_images/378800000612220520/196f8d8be2f156913a3e3615616ea3c7_normal.jpeg,,9999,0,DDEEF6,333333,TRUE,FALSE,FALSE,FALSE,FALSE,FALSE,,,,,1208,238,aereo,91,97,cordcutting,98,110,tech,111,116,http://t.co/aIwM3I0hzK,http://www.tvmix.com/is-the-supreme-court-aereo-ruling-actually-the-death-of-the-bundle/123,tvmix.com/is-the-supremeâ€_,68,90,FALSE,FALSE,FALSE,en,abc,117,121,,,,,,,,,,,,,,,,,,,,,,,,,,,,,,,nbc,122,126,cbs,127,131,fox,132,136en,popular,Thu Jun 26 19:17:00 +0000 2014,4.82241E+17,4.82241E+17,I would spend more time with my kids! I value #tech &amp; productivity tips. Don't you? #SurfaceatStaples,"<a href=""http://sproutsocial.com"" rel=""nofollow"">Sprout Social</a>",FALSE,,,,,,168827809,168827809,Jennifer Medeiros,makobiscribe,"Fort Myers, Florida",#Florida #Mom #blogger ~ #tech #travel #gardening #recipe #coffee #WindowsChampions #GoodCook #YoGetters #Intel2in1 #NaturesSleep #Frockstar #GoldEmblem #Lenovo,http://t.co/7us6cwMN71,http://t.co/7us6cwMN71,http://makobiscribe.com,makobiscribe.com,0,22,,,,,,,,,,,,,,,,FALSE,66192,25402,535,Tue Jul 20 22:11:02 +0000 2010,400,-14400,Eastern Time (US & Canada),TRUE,FALSE,65581,en,FALSE,FALSE,FALSE,0B2929,http://pbs.twimg.com/profile_background_images/434072430592524289/Jid2pBJw.jpeg,https://pbs.twimg.com/profile_background_images/434072430592524289/Jid2pBJw.jpeg,FALSE,http://pbs.twimg.com/profile_images/424278627836895232/aZchw6d9_normal.jpeg,https://pbs.twimg.com/profile_images/424278627836895232/aZchw6d9_normal.jpeg,https://pbs.twimg.com/profile_banners/168827809/1398267313,6121C2,FFFFFF,7AC3EE,3D1957,TRUE,FALSE,FALSE,FALSE,FALSE,FALSE,,,,,60,31,tech,46,51,SurfaceatStaples,88,105,,,,,,,,,FALSE,FALSE,,en,,,,,,,,,,,,,,,,,,,,,,,,,,,,,,,,,,,,,,,,,,en,popular,Thu Jun 26 17:58:08 +0000 2014,4.82221E+17,4.82221E+17,"#Tech #Art: lost &amp; found spare parts assembled in a #cyberpunk #seahorse
â–º http://t.co/zWF1d1F4mG by Assemblique http://t.co/wj9xz1asfI","<a href=""http://bufferapp.com"" rel=""nofollow"">Buffer</a>",FALSE,,,,,,21641427,21641427,Maxime Duprez,maximaxoo,"Lyon, France","Content scavenger. History, future, science, space, tech, IT, design, geek & fun stuff. I'm curious. Manifesto: http://t.co/gjYC4KkWtc",http://t.co/TLQFe1kbaY,http://t.co/TLQFe1kbaY,http://about.me/maximeduprez,about.me/maximeduprez,0,22,http://t.co/gjYC4KkWtc,http://maximaxoo.tumblr.com/manifesto,maximaxoo.tumblr.com/manifesto,112,134,FALSE,29258,12885,657,Mon Feb 23 09:10:30 +0000 2009,40796,7200,Paris,FALSE,FALSE,26689,fr,FALSE,FALSE,FALSE,0099B9,http://pbs.twimg.com/profile_background_images/378800000180850275/g85FXVK0.jpeg,https://pbs.twimg.com/profile_background_images/378800000180850275/g85FXVK0.jpeg,FALSE,http://pbs.twimg.com/profile_images/378800000461209591/ea6b2d0f0b67ef502ee8496e0ae8c6c7_normal.jpeg,https://pbs.twimg.com/profile_images/378800000461209591/ea6b2d0f0b67ef502ee8496e0ae8c6c7_normal.jpeg,https://pbs.twimg.com/profile_banners/21641427/1398016560,0099B9,FFFFFF,252429,666666,TRUE,FALSE,FALSE,FALSE,FALSE,FALSE,,,,,33,27,Tech,0,5,Art,6,10,cyberpunk,56,66,seahorse,67,76,http://t.co/zWF1d1F4mG,http://bit.ly/VowGWa,bit.ly/VowGWa,79,101,,,,,,,,,,,,,4.82221E+17,4.82221E+17,117,139,http://pbs.twimg.com/media/BrExs_zIMAAxkmc.jpg,https://pbs.twimg.com/media/BrExs_zIMAAxkmc.jpg,http://t.co/wj9xz1asfI,pic.twitter.com/wj9xz1asfI,http://twitter.com/maximaxoo/status/482221284462694400/photo/1,photo,340,648,fit,150,150,crop,487,929,fit,487,929,fit,FALSE,FALSE,FALSE,en,,,,,,,,,,,,,,,en,popular,Thu Jun 26 16:11:04 +0000 2014,4.82194E+17,4.82194E+17,"#Future #Space #Tech: @ESA sets its sights on *harpooning* #SpaceDebris
â–º http://t.co/Sxwez7lBIc via @gizmag http://t.co/QjPbwtbcms","<a href=""http://bufferapp.com"" rel=""nofollow"">Buffer</a>",FALSE,,,,,,21641427,21641427,Maxime Duprez,maximaxoo,"Lyon, France","Content scavenger. History, future, science, space, tech, IT, design, geek & fun stuff. I'm curious. Manifesto: http://t.co/gjYC4KkWtc",http://t.co/TLQFe1kbaY,http://t.co/TLQFe1kbaY,http://about.me/maximeduprez,about.me/maximeduprez,0,22,http://t.co/gjYC4KkWtc,http://maximaxoo.tumblr.com/manifesto,maximaxoo.tumblr.com/manifesto,112,134,FALSE,29258,12885,657,Mon Feb 23 09:10:30 +0000 2009,40796,7200,Paris,FALSE,FALSE,26689,fr,FALSE,FALSE,FALSE,0099B9,http://pbs.twimg.com/profile_background_images/378800000180850275/g85FXVK0.jpeg,https://pbs.twimg.com/profile_background_images/378800000180850275/g85FXVK0.jpeg,FALSE,http://pbs.twimg.com/profile_images/378800000461209591/ea6b2d0f0b67ef502ee8496e0ae8c6c7_normal.jpeg,https://pbs.twimg.com/profile_images/378800000461209591/ea6b2d0f0b67ef502ee8496e0ae8c6c7_normal.jpeg,https://pbs.twimg.com/profile_banners/21641427/1398016560,0099B9,FFFFFF,252429,666666,TRUE,FALSE,FALSE,FALSE,FALSE,FALSE,,,,,46,29,Future,0,7,Space,8,14,Tech,15,20,SpaceDebris,59,71,http://t.co/Sxwez7lBIc,http://bit.ly/VoCL4V,bit.ly/VoCL4V,74,96,esa,ESA,21436960,21436960,22,26,gizmag,Gizmag,19748200,19748200,101,108,4.82194E+17,4.82194E+17,109,131,http://pbs.twimg.com/media/BrEZMwmIIAAxYCD.jpg,https://pbs.twimg.com/media/BrEZMwmIIAAxYCD.jpg,http://t.co/QjPbwtbcms,pic.twitter.com/QjPbwtbcms,http://twitter.com/maximaxoo/status/482194342296453120/photo/1,photo,340,213,fit,150,150,crop,600,375,fit,700,438,fit,FALSE,FALSE,FALSE,en,,,,,,,,,,,,,,,en,popular,Thu Jun 26 15:19:23 +0000 2014,4.82181E+17,4.82181E+17,The 100 most influential #tech #women on #Twitter via @borisonr http://t.co/kbtsCGjWaX via @sai,"<a href=""https://dev.twitter.com/docs/tfw"" rel=""nofollow"">Twitter for Websites</a>",FALSE,,,,,,87650586,87650586,Juris Ulmanis,Jurisu,"Bronx, NY / RÄ«ga, LV","Entrepreneurship / Marketing Professor | Experiential Learning | Former Motorola Executive |  Fire - Breathing Viking, mountaineer, triathlete, polar explorer",http://t.co/w1jpdTZHNu,http://t.co/w1jpdTZHNu,http://lv.linkedin.com/in/jurisulmanis,lv.linkedin.com/in/jurisulmanis,0,22,,,,,,FALSE,5770,3668,93,Thu Nov 05 09:21:01 +0000 2009,90,,,FALSE,FALSE,2379,en,FALSE,FALSE,FALSE,238EC4,http://pbs.twimg.com/profile_background_images/378800000093713451/ea7373ce610f525d6b0869a447cf4431.jpeg,https://pbs.twimg.com/profile_background_images/378800000093713451/ea7373ce610f525d6b0869a447cf4431.jpeg,TRUE,http://pbs.twimg.com/profile_images/477371192609734656/kiMLGVow_normal.jpeg,https://pbs.twimg.com/profile_images/477371192609734656/kiMLGVow_normal.jpeg,,1B91E0,FFFFFF,0E0E0E,4A66C1,TRUE,FALSE,FALSE,FALSE,FALSE,FALSE,,,,,21,34,tech,25,30,women,31,37,Twitter,41,49,,,,http://t.co/kbtsCGjWaX,http://www.businessinsider.com/most-influential-tech-women-on-twitter-2014-5,businessinsider.com/most-influentiâ€_,64,86,borisonr,Rebecca Borison,456887147,456887147,54,63,SAI,BI: Tech,8841372,8841372,91,95,,,,,,,,,,,,,,,,,,,,,,,FALSE,FALSE,FALSE,en,,,,,,,,,,,,,,,